text,label
Artificial intelligence is advancing in healthcare with numerous applications emerging.,Technology
"Football fans are excited about the upcoming World Cup, with teams preparing intensively.",Sports
New policies regarding climate change have sparked a heated debate in the political arena.,Politics
The latest blockbuster movie has shattered box office records and is trending worldwide.,Entertainment
"Quantum computing promises to revolutionize industries, from finance to pharmaceuticals.",Technology
Political debates are becoming more heated as elections approach in several countries.,Politics
Tech companies are investing heavily in artificial intelligence to improve their products.,Technology
"The summer Olympics are fast approaching, and athletes are training harder than ever.",Sports
Music festivals are back this year with global headliners performing in major cities.,Entertainment
The rise of self-driving cars is changing the transportation landscape globally.,Technology
Cybersecurity threats are increasing as hackers become more sophisticated.,Technology
Political leaders are scrambling to address the growing issue of income inequality.,Politics
Video game developers are excited about the release of new gaming consoles this fall.,Entertainment
AI-powered tools are making significant strides in areas like healthcare and manufacturing.,Technology
The latest FIFA tournament was an unforgettable event for soccer fans around the world.,Sports
Discussions about universal healthcare have intensified across many nations.,Politics
New research in AI and robotics shows promising advances in automation.,Technology
The entertainment industry is grappling with the rise of streaming services.,Entertainment
Baseball teams are preparing for the playoffs with high hopes of reaching the finals.,Sports
Politicians are debating whether to raise taxes on the wealthy to fund social programs.,Politics
Electric vehicles are becoming increasingly popular as consumers look for more sustainable options.,Technology
Cinema-goers are eagerly awaiting the release of the latest action-packed movie.,Entertainment
The debate on free speech continues to be a hot topic in political circles.,Politics
Gaming companies are exploring new ways to enhance virtual reality experiences.,Technology
The national football team just announced its squad for the upcoming tournament.,Sports
Political candidates are making promises about job creation and economic growth.,Politics
Cutting-edge technologies are reshaping the landscape of medical research.,Technology
Social media platforms are transforming the way people consume news and entertainment.,Entertainment
Political campaigns are turning to digital platforms to reach voters during the pandemic.,Politics
International conferences on technology are being held virtually due to travel restrictions.,Technology
"The basketball season is well underway, with teams competing for playoff spots.",Sports
Artificial intelligence could soon have a huge impact on the job market.,Technology
The latest political scandal has shaken the political landscape across the country.,Politics
Augmented reality is poised to redefine how we interact with entertainment media.,Technology
"The world of professional esports continues to grow, attracting millions of viewers.",Entertainment
Several new soccer stadiums are being built in anticipation of the next World Cup.,Sports
"Technological advances are driving changes in the way we work, with more people working from home.",Technology
The economy has become a central issue in the ongoing political campaigns.,Politics
Hollywood's biggest stars have come together for a new action film releasing this summer.,Entertainment
Scientists are exploring the potential of AI to aid in cancer research.,Technology
The political debate on climate change continues to divide nations.,Politics
Rising interest in outdoor sports has led to increased sales of sporting goods.,Sports
Robots and drones are becoming more common in industries such as logistics and delivery.,Technology
Music streaming services are continuing to dominate the entertainment industry.,Entertainment
New technological innovations are enabling better remote healthcare options.,Technology
National teams are finalizing their rosters for the upcoming sports tournaments.,Sports
Debates around government surveillance and privacy are intensifying in political discussions.,Politics
AI and machine learning are opening new possibilities in the field of finance.,Technology
Television shows are now competing with streaming services for global audiences.,Entertainment
The tech industry is seeing increased investment in artificial intelligence startups.,Technology
World leaders are discussing international treaties related to climate change and sustainability.,Politics
Football teams are planning pre-season friendlies to prepare for the new season.,Sports
Social media influencers are shaping the future of digital marketing and entertainment.,Entertainment
Artificial intelligence has become integral to improving customer service in industries worldwide.,Technology
Political debates are dominated by discussions about immigration and border security.,Politics
New sports technologies are being used to improve player performance and fan experience.,Sports
Music fans are eager for live concerts to return after the pandemic.,Entertainment
Virtual assistants powered by AI are increasingly being used in daily life.,Technology
"Election season is here, and political advertisements are flooding the airwaves.",Politics
Video game tournaments are attracting huge live audiences and millions of online viewers.,Entertainment
Artificial intelligence can assist in making critical decisions in business and healthcare.,Technology
"With the rise of digital media, traditional television networks are facing tough competition.",Entertainment
High-tech gadgets are transforming the way we engage with entertainment content.,Technology
The political landscape is shifting as new candidates emerge for the presidential election.,Politics
Outdoor sports like hiking and cycling have gained popularity during the pandemic.,Sports
Technology companies are exploring ways to integrate AI into home automation systems.,Technology
Political leaders are pledging to increase funding for public healthcare systems.,Politics
Digital content creators are leading the charge in shaping modern entertainment culture.,Entertainment
"Self-driving cars are becoming a reality, with new companies entering the market.",Technology
Sports fans are watching more games online due to changing viewing habits.,Sports
Debates about social justice and equality continue to shape the political discourse.,Politics
Hollywood actors are voicing their concerns about the changing nature of the industry.,Entertainment
The tech industry is racing to develop the next big thing in consumer electronics.,Technology
The economic recovery plan is a major topic in the current political campaign.,Politics
New AI-powered apps are simplifying personal finance management.,Technology
Major sports leagues are discussing the future of live fan attendance in stadiums.,Sports
Entertainment media is increasingly focusing on global audiences and cultural diversity.,Entertainment
Digital currencies and blockchain technology are revolutionizing finance.,Technology
National debates on the legalization of marijuana continue to divide political opinions.,Politics
Esports tournaments are being broadcast live on mainstream television networks.,Entertainment
AI is enhancing customer experiences in retail through personalized shopping recommendations.,Technology
Politicians are debating the pros and cons of universal basic income.,Politics
Television networks are trying to adapt to the changing landscape of digital streaming.,Entertainment
New wearable technologies are improving health monitoring and fitness tracking.,Technology
Local sports leagues are organizing tournaments as communities embrace recreational activities.,Sports
